City_ID,City,Country,Date,Lat,Lng,Max Temp,Humidity,Cloudiness,Wind Speed,Current Description
0,Norman Wells,CA,2021-02-07 20:12:35,65.282,-126.8329,-23.8,76,75,1.99,broken clouds
1,Bluff,NZ,2021-02-07 20:12:35,-46.6,168.3333,56.21,79,96,5.21,overcast clouds
2,Qaanaaq,GL,2021-02-07 20:12:36,77.484,-69.3632,12.27,86,61,5.99,broken clouds
3,Bagdarin,RU,2021-02-07 20:12:09,54.4333,113.6,-5.85,86,100,1.54,overcast clouds
4,Waipawa,NZ,2021-02-07 20:12:36,-41.4122,175.5153,64.99,82,75,19.57,broken clouds
5,Hobart,AU,2021-02-07 20:10:18,-42.8794,147.3294,55.4,62,40,13.8,scattered clouds
6,Dunedin,NZ,2021-02-07 20:17:47,-45.8742,170.5036,60.01,89,94,3.0,overcast clouds
7,Sao Filipe,CV,2021-02-07 20:14:00,14.8961,-24.4956,70.39,72,100,12.35,overcast clouds
8,Khatanga,RU,2021-02-07 20:17:47,71.9667,102.5,-30.68,79,0,10.16,clear sky
9,Georgetown,MY,2021-02-07 20:17:47,5.4112,100.3354,80.6,83,20,3.44,few clouds
10,Punta Arenas,CL,2021-02-07 20:17:48,-53.15,-70.9167,71.6,23,0,13.8,clear sky
11,Iwanai,JP,2021-02-07 20:15:28,42.9744,140.5089,18.72,91,98,13.73,light snow
12,Solone,UA,2021-02-07 20:17:48,48.2081,34.8721,12.2,73,40,8.95,scattered clouds
13,Rikitea,PF,2021-02-07 20:17:48,-23.1203,-134.9692,77.23,73,96,12.59,overcast clouds
14,Eureka,US,2021-02-07 20:17:49,40.8021,-124.1637,55.0,74,0,4.0,clear sky
15,Mataura,NZ,2021-02-07 20:17:49,-46.1927,168.8643,58.8,66,97,1.95,overcast clouds
16,Souillac,MU,2021-02-07 20:17:49,-20.5167,57.5167,80.6,78,75,9.22,broken clouds
17,Atuona,PF,2021-02-07 20:17:50,-9.8,-139.0333,79.36,74,24,21.79,few clouds
18,Zielona Gora,PL,2021-02-07 20:17:50,51.9355,15.5064,21.2,53,75,18.41,broken clouds
19,Hilo,US,2021-02-07 20:17:19,19.7297,-155.09,78.8,53,1,4.61,clear sky
20,Bambous Virieux,MU,2021-02-07 20:17:27,-20.3428,57.7575,81.0,78,75,9.22,broken clouds
21,Katsuura,JP,2021-02-07 20:17:51,35.1333,140.3,46.4,46,75,3.44,broken clouds
22,Tatarbunary,UA,2021-02-07 20:17:51,45.8373,29.6142,36.99,83,100,14.83,overcast clouds
23,Ushuaia,AR,2021-02-07 20:17:52,-54.8,-68.3,60.8,55,40,8.05,scattered clouds
24,Lorengau,PG,2021-02-07 20:17:52,-2.0226,147.2712,81.9,78,100,6.76,overcast clouds
25,Bethel,US,2021-02-07 20:17:52,41.3712,-73.414,28.99,93,90,4.61,"snow,fog"
26,Dikson,RU,2021-02-07 20:17:22,73.5069,80.5464,-32.01,85,90,14.45,overcast clouds
27,Tondano,ID,2021-02-07 20:17:53,1.3038,124.9112,75.2,100,40,1.14,scattered clouds
28,Riyadh,SA,2021-02-07 20:14:33,24.6877,46.7219,59.0,58,0,11.5,clear sky
29,Grants Pass,US,2021-02-07 20:17:53,42.439,-123.3284,37.4,93,90,0.85,overcast clouds
30,Hermanus,ZA,2021-02-07 20:17:54,-34.4187,19.2345,66.0,78,1,5.39,clear sky
31,Port Macquarie,AU,2021-02-07 20:15:03,-31.4333,152.9167,66.99,96,100,1.01,overcast clouds
32,Portland,US,2021-02-07 20:17:54,45.5234,-122.6762,48.0,71,90,8.05,overcast clouds
33,Lavrentiya,RU,2021-02-07 20:17:54,65.5833,-171.0,-11.47,84,0,6.46,clear sky
34,Zheleznodorozhnyy,RU,2021-02-07 20:17:54,55.7503,38.0042,10.4,72,40,13.42,scattered clouds
35,Dunmore Town,BS,2021-02-07 20:17:55,25.5,-76.65,75.36,88,0,15.21,clear sky
36,Mount Isa,AU,2021-02-07 20:13:39,-20.7333,139.5,77.0,100,99,5.75,overcast clouds
37,Butaritari,KI,2021-02-07 20:17:55,3.0707,172.7902,80.92,80,100,20.85,overcast clouds
38,Talnakh,RU,2021-02-07 20:17:55,69.4865,88.3972,-21.5,73,24,2.89,few clouds
39,Riberalta,BO,2021-02-07 20:17:56,-10.9833,-66.1,78.8,89,75,9.22,very heavy rain
40,Roald,NO,2021-02-07 20:17:56,62.5833,6.1333,24.8,42,0,12.66,clear sky
41,Westport,US,2021-02-07 20:17:56,41.1415,-73.3579,30.99,93,90,9.22,"heavy snow,fog"
42,Hithadhoo,MV,2021-02-07 20:17:09,-0.6,73.0833,82.06,70,91,8.14,overcast clouds
43,Port Alfred,ZA,2021-02-07 20:17:39,-33.5906,26.891,66.99,95,100,6.11,overcast clouds
44,Mananjary,MG,2021-02-07 20:18:22,-21.2167,48.3333,80.49,85,100,12.1,light rain
45,Belz,FR,2021-02-07 20:18:22,47.6751,-3.168,39.0,37,100,11.3,overcast clouds
46,Victoria,HK,2021-02-07 20:16:27,22.2855,114.1577,68.0,84,0,1.01,clear sky
47,Cape Town,ZA,2021-02-07 20:18:13,-33.9258,18.4232,68.0,63,0,18.41,clear sky
48,Bredasdorp,ZA,2021-02-07 20:18:23,-34.5322,20.0403,64.4,68,3,5.75,clear sky
49,Tabou,CI,2021-02-07 20:18:24,4.423,-7.3528,79.68,87,71,6.67,broken clouds
50,Havre-Saint-Pierre,CA,2021-02-07 20:14:29,50.2334,-63.5986,24.8,63,1,13.8,clear sky
51,Albany,US,2021-02-07 20:16:47,42.6001,-73.9662,28.99,72,100,2.55,overcast clouds
52,Narsaq,GL,2021-02-07 20:18:24,60.9167,-46.05,37.4,28,51,49.48,broken clouds
53,Tiksi,RU,2021-02-07 20:18:24,71.6872,128.8694,-28.07,86,39,3.76,scattered clouds
54,Salalah,OM,2021-02-07 20:18:25,17.0151,54.0924,73.4,68,75,3.44,broken clouds
55,Thompson,CA,2021-02-07 20:15:09,55.7435,-97.8558,-27.4,68,75,14.97,snow
56,Saint George,US,2021-02-07 20:18:17,37.1041,-113.5841,57.99,25,1,4.61,clear sky
57,Raudeberg,NO,2021-02-07 20:18:25,61.9875,5.1352,25.0,56,0,5.17,clear sky
58,Tuktoyaktuk,CA,2021-02-07 20:18:25,69.4541,-133.0374,-25.6,68,75,16.11,snow
59,Saldanha,ZA,2021-02-07 20:14:06,-33.0117,17.9442,64.4,68,0,14.97,clear sky
60,Arraial Do Cabo,BR,2021-02-07 20:18:26,-22.9661,-42.0278,73.4,88,75,4.61,moderate rain
61,Port Elizabeth,ZA,2021-02-07 20:17:14,-33.918,25.5701,66.2,94,90,6.91,light rain
62,Midland,US,2021-02-07 20:14:11,31.9974,-102.0779,71.6,11,1,16.11,clear sky
63,Porto Velho,BR,2021-02-07 20:18:26,-8.7619,-63.9039,89.6,58,40,4.61,light rain
64,Hasaki,JP,2021-02-07 20:18:27,35.7333,140.8333,32.0,86,20,5.75,few clouds
65,Rio Gallegos,AR,2021-02-07 20:14:25,-51.6226,-69.2181,69.8,37,0,19.57,clear sky
66,Barrow,US,2021-02-07 20:18:19,71.2906,-156.7887,-23.8,76,1,11.5,clear sky
67,Warrnambool,AU,2021-02-07 20:18:27,-38.3833,142.4833,55.99,78,100,10.49,overcast clouds
68,Tarko-Sale,RU,2021-02-07 20:18:28,64.9225,77.785,23.61,98,99,11.92,light snow
69,Ambulu,ID,2021-02-07 20:18:28,-8.345,113.6058,75.83,91,100,3.13,overcast clouds
70,Beringovskiy,RU,2021-02-07 20:18:28,63.05,179.3167,-0.58,88,100,14.03,overcast clouds
71,Jamestown,US,2021-02-07 20:13:34,42.097,-79.2353,18.0,67,90,18.41,light snow
72,Tiznit,MA,2021-02-07 20:18:29,29.5833,-9.5,51.78,82,100,8.72,overcast clouds
73,Luderitz,NA,2021-02-07 20:18:29,-26.6481,15.1594,71.53,57,0,27.4,clear sky
74,Pavlodar,KZ,2021-02-07 20:18:29,52.3,76.95,21.2,79,0,15.66,clear sky
75,Ostrovnoy,RU,2021-02-07 20:18:29,68.0531,39.5131,7.07,93,100,10.36,light snow
76,Baherden,TM,2021-02-07 20:18:29,38.4362,57.4316,58.15,55,100,4.59,overcast clouds
77,Kuyanovo,RU,2021-02-07 20:18:30,55.8014,54.5372,-2.81,91,100,14.29,overcast clouds
78,San Patricio,US,2021-02-07 20:18:30,28.017,-97.5169,75.2,40,20,14.97,few clouds
79,Busselton,AU,2021-02-07 20:18:30,-33.65,115.3333,62.01,99,94,1.99,overcast clouds
80,Monster,NL,2021-02-07 20:18:30,52.0258,4.175,24.01,86,90,16.11,light snow
81,Labrea,BR,2021-02-07 20:18:30,-7.2586,-64.7981,90.64,58,67,2.48,broken clouds
82,Lebu,CL,2021-02-07 20:18:31,-37.6167,-73.65,63.18,76,6,7.74,clear sky
83,Upernavik,GL,2021-02-07 20:16:47,72.7868,-56.1549,18.93,80,26,3.6,scattered clouds
84,Esperance,AU,2021-02-07 20:18:31,-33.8667,121.9,62.6,88,75,13.8,broken clouds
85,Severo-Kurilsk,RU,2021-02-07 20:18:31,50.6789,156.125,18.32,89,95,11.97,overcast clouds
86,Gaimersheim,DE,2021-02-07 20:18:32,48.807,11.368,33.01,100,90,1.14,"snow,mist"
87,Mahebourg,MU,2021-02-07 20:16:06,-20.4081,57.7,80.6,78,75,9.22,broken clouds
88,Fallon,US,2021-02-07 20:18:57,39.4735,-118.7774,57.0,24,20,4.61,few clouds
89,Bengkulu,ID,2021-02-07 20:18:58,-3.8004,102.2655,75.7,84,100,7.11,moderate rain
90,Leh,IN,2021-02-07 20:18:58,34.1667,77.5833,12.78,57,0,1.39,clear sky
91,Mayo,US,2021-02-07 20:18:58,38.8876,-76.5119,39.99,100,90,4.61,overcast clouds
92,Kapaa,US,2021-02-07 20:18:58,22.0752,-159.319,72.0,56,1,2.01,clear sky
93,Mar Del Plata,AR,2021-02-07 20:15:00,-38.0023,-57.5575,61.0,94,90,9.22,moderate rain
94,Santa Maria,BR,2021-02-07 20:16:41,-29.6842,-53.8069,86.0,51,20,6.91,few clouds
95,Haines Junction,CA,2021-02-07 20:18:59,60.7522,-137.5108,-16.6,52,21,1.14,few clouds
96,Trairi,BR,2021-02-07 20:18:59,-3.2778,-39.2689,84.18,65,1,12.19,clear sky
97,Roblin,CA,2021-02-07 20:18:59,51.23,-101.3565,-28.46,83,35,12.33,scattered clouds
98,Berlevag,NO,2021-02-07 20:18:22,70.8578,29.0864,24.8,74,75,31.07,snow
99,Vestmannaeyjar,IS,2021-02-07 20:15:26,63.4427,-20.2734,38.34,75,47,21.63,scattered clouds
100,Korla,CN,2021-02-07 20:14:35,41.7597,86.1469,34.3,69,87,8.66,overcast clouds
101,Birjand,IR,2021-02-07 20:14:34,32.8663,59.2211,42.8,24,0,9.78,clear sky
102,Chuy,UY,2021-02-07 20:19:01,-33.6971,-53.4616,73.44,65,7,10.42,clear sky
103,Tongren,CN,2021-02-07 20:19:01,27.7172,109.1853,48.67,83,100,7.31,light rain
104,Pevek,RU,2021-02-07 20:19:01,69.7008,170.3133,-5.98,86,0,3.18,clear sky
105,Andros,GR,2021-02-07 20:19:01,37.8333,24.9333,66.0,40,100,21.0,overcast clouds
106,Provideniya,RU,2021-02-07 20:19:02,64.3833,-173.3,-4.52,80,66,16.64,broken clouds
107,Manakara,MG,2021-02-07 20:19:02,-22.1333,48.0167,78.8,88,95,9.73,overcast clouds
108,Ebeltoft,DK,2021-02-07 20:19:02,56.1944,10.6821,28.4,59,75,23.02,broken clouds
109,Vaini,TO,2021-02-07 20:16:59,-21.2,-175.2,78.8,78,75,12.66,light rain
110,Abu Zabad,SD,2021-02-07 20:19:03,12.35,29.25,65.16,26,21,9.84,few clouds
111,Cascais,PT,2021-02-07 20:19:03,38.6979,-9.4215,57.0,92,99,25.93,overcast clouds
112,Itarema,BR,2021-02-07 20:19:03,-2.9248,-39.9167,83.89,69,0,15.32,clear sky
113,Clyde River,CA,2021-02-07 20:19:03,70.4692,-68.5914,-2.2,84,75,4.61,light snow
114,Gat,IL,2021-02-07 20:14:27,31.61,34.7642,59.0,82,45,3.0,scattered clouds
115,Saint-Philippe,RE,2021-02-07 20:19:04,-21.3585,55.7679,80.6,74,0,3.44,clear sky
116,Namibe,AO,2021-02-07 20:19:04,-15.1961,12.1522,73.06,76,100,4.99,overcast clouds
117,Gornopravdinsk,RU,2021-02-07 20:19:04,60.05,69.9,4.71,93,100,12.08,light snow
118,Yellowknife,CA,2021-02-07 20:19:05,62.456,-114.3525,-34.01,61,1,4.61,clear sky
119,Aquiraz,BR,2021-02-07 20:19:05,-3.9014,-38.3911,84.2,74,0,12.66,clear sky
120,Torbay,CA,2021-02-07 20:19:05,47.6666,-52.7314,32.0,64,20,26.46,few clouds
121,Kruisfontein,ZA,2021-02-07 20:19:05,-34.0033,24.7314,64.99,89,96,3.0,overcast clouds
122,Mayahi,NE,2021-02-07 20:19:05,13.9553,7.6712,71.69,17,96,8.1,overcast clouds
123,Port Hardy,CA,2021-02-07 20:15:08,50.6996,-127.4199,39.2,93,75,6.91,light snow
124,Airai,TL,2021-02-07 20:19:06,-8.9266,125.4092,60.62,100,100,2.68,overcast clouds
125,Djibo,BF,2021-02-07 20:19:06,14.1022,-1.6306,82.09,16,22,10.07,few clouds
126,Pitimbu,BR,2021-02-07 20:19:06,-7.4706,-34.8086,84.2,74,75,11.5,broken clouds
127,Xuanhua,CN,2021-02-07 20:19:07,40.6103,115.0447,21.24,78,0,5.21,clear sky
128,Shiyan,CN,2021-02-07 20:19:07,32.6475,110.7781,43.05,59,100,6.67,overcast clouds
129,Deniliquin,AU,2021-02-07 20:19:07,-35.5333,144.9667,54.0,70,63,1.99,broken clouds
130,Jiaojiang,CN,2021-02-07 20:19:07,28.6803,121.4428,57.99,58,100,7.72,overcast clouds
131,Cidreira,BR,2021-02-07 20:18:29,-30.1811,-50.2056,75.25,64,0,10.25,clear sky
132,Maceio,BR,2021-02-07 20:15:36,-9.6658,-35.7353,80.6,78,0,12.66,clear sky
133,Ribeira Grande,PT,2021-02-07 20:19:08,38.5167,-28.7,59.0,77,40,12.66,scattered clouds
134,Pimentel,PE,2021-02-07 20:15:01,-6.8367,-79.9342,82.4,54,0,18.41,clear sky
135,Camacha,PT,2021-02-07 20:19:34,33.0833,-16.3333,60.8,82,75,16.11,broken clouds
136,Kavaratti,IN,2021-02-07 20:19:35,10.5669,72.642,80.73,71,4,8.32,clear sky
137,Porec,HR,2021-02-07 20:19:35,45.2258,13.5939,57.0,82,90,9.22,overcast clouds
138,Genhe,CN,2021-02-07 20:19:35,50.7833,121.5167,-21.12,85,0,2.46,clear sky
139,Launceston,AU,2021-02-07 20:19:35,-41.45,147.1667,53.01,71,90,8.05,overcast clouds
140,Lokosovo,RU,2021-02-07 20:19:36,61.1333,74.8167,4.44,90,59,9.33,broken clouds
141,Nikolskoye,RU,2021-02-07 20:19:36,59.7035,30.7861,17.6,86,75,13.42,light snow
142,Caucaia,BR,2021-02-07 20:19:36,-3.7361,-38.6531,84.2,74,0,12.66,clear sky
143,Honningsvag,NO,2021-02-07 20:19:36,70.9821,25.9704,28.4,59,75,26.46,light snow
144,Liku,ID,2021-02-07 20:19:37,-0.7275,119.8922,76.1,85,93,1.74,overcast clouds
145,Tazovskiy,RU,2021-02-07 20:19:37,67.4667,78.7,-11.85,90,100,19.17,light snow
146,East London,ZA,2021-02-07 20:19:37,-33.0153,27.9116,72.52,78,100,6.85,light rain
147,Namatanai,PG,2021-02-07 20:19:37,-3.6667,152.4333,80.08,80,100,3.71,light rain
148,Codrington,AU,2021-02-07 20:19:38,-38.2667,141.9667,56.55,71,100,10.27,overcast clouds
149,Puerto Ayora,EC,2021-02-07 20:17:42,-0.7393,-90.3518,86.0,66,40,20.71,scattered clouds
150,Zhigansk,RU,2021-02-07 20:19:38,66.7697,123.3711,-33.23,79,6,7.92,clear sky
151,Jijiang,CN,2021-02-07 20:19:38,29.2906,106.2542,51.8,82,100,2.24,overcast clouds
152,Aseri,EE,2021-02-07 20:19:39,59.4506,26.8675,20.75,96,99,9.48,overcast clouds
153,Bullhead City,US,2021-02-07 20:17:53,35.1478,-114.5683,68.0,20,0,0.98,clear sky
154,Atar,MR,2021-02-07 20:14:49,20.5169,-13.0499,63.75,30,0,10.07,clear sky
155,Pasni,PK,2021-02-07 20:19:39,25.2631,63.471,66.65,55,0,7.85,clear sky
156,Voh,NC,2021-02-07 20:19:39,-20.9667,164.7,76.01,77,79,2.8,broken clouds
157,Myaundzha,RU,2021-02-07 20:19:40,63.0494,147.1858,1.42,87,100,7.09,overcast clouds
158,Igarka,RU,2021-02-07 20:19:40,67.4667,86.5833,-8.18,87,100,12.55,overcast clouds
159,Cabo San Lucas,MX,2021-02-07 20:19:40,22.8909,-109.9124,75.99,60,20,5.75,few clouds
160,Forbes,AU,2021-02-07 20:19:41,-33.3833,148.0167,64.99,81,94,1.99,overcast clouds
161,Tinogboc,PH,2021-02-07 20:19:41,12.0074,121.4122,79.5,82,95,29.04,overcast clouds
162,Kruglolesskoye,RU,2021-02-07 20:19:41,44.6589,42.8142,26.6,86,90,2.24,light snow
163,Tankhoy,RU,2021-02-07 20:19:41,51.5528,105.1306,16.68,87,61,4.47,broken clouds
164,Kodiak,US,2021-02-07 20:19:42,57.79,-152.4072,26.6,74,1,4.61,clear sky
165,Say,NE,2021-02-07 20:19:42,13.1007,2.3689,86.0,10,56,6.91,dust
166,Alofi,NU,2021-02-07 20:19:42,-19.0595,-169.9187,82.4,83,40,10.36,scattered clouds
167,Puerto Rondon,CO,2021-02-07 20:19:43,6.2805,-71.1,91.38,44,100,9.42,overcast clouds
168,Moussoro,TD,2021-02-07 20:19:43,13.6408,16.4901,74.01,17,0,12.33,clear sky
169,Lumphat,KH,2021-02-07 20:19:43,13.4878,106.9816,71.28,74,18,8.95,few clouds
170,Lakki Marwat,PK,2021-02-07 20:19:43,32.6079,70.9114,56.86,45,0,1.05,clear sky
171,Lasa,IT,2021-02-07 20:19:43,46.6166,10.7002,39.2,100,90,1.43,mist
172,Bathsheba,BB,2021-02-07 20:14:53,13.2167,-59.5167,82.4,57,75,24.16,broken clouds
173,Nioro,GM,2021-02-07 20:19:44,13.35,-15.75,81.34,15,92,7.27,overcast clouds
174,Reinosa,ES,2021-02-07 20:19:44,42.9996,-4.138,50.0,87,75,4.61,broken clouds
175,Balasheyka,RU,2021-02-07 20:19:44,53.2841,48.0851,-4.92,89,58,10.89,broken clouds
176,Russell,US,2021-02-07 20:15:27,32.3502,-85.1999,55.4,47,1,5.75,clear sky
177,Petropavlovsk-Kamchatskiy,RU,2021-02-07 20:19:45,53.0452,158.6483,23.0,74,20,6.71,light snow
178,Cherskiy,RU,2021-02-07 20:19:45,68.75,161.3,-4.02,69,12,0.96,few clouds
179,Sharanga,RU,2021-02-07 20:20:08,57.1775,46.5396,-17.95,87,82,10.09,broken clouds
180,Vao,NC,2021-02-07 20:20:11,-22.6667,167.4833,77.02,84,69,0.6,broken clouds
181,Kamaishi,JP,2021-02-07 20:20:11,39.2667,141.8833,26.1,87,3,13.06,clear sky
182,Sitka,US,2021-02-07 20:20:11,57.0531,-135.33,33.8,47,1,5.75,clear sky
183,Jijiga,ET,2021-02-07 20:20:11,9.35,42.8,58.08,87,27,7.23,scattered clouds
184,Meulaboh,ID,2021-02-07 20:20:12,4.1363,96.1285,76.96,86,65,4.56,broken clouds
185,Umm Lajj,SA,2021-02-07 20:20:12,25.0213,37.2685,72.5,27,0,23.78,clear sky
186,Mehamn,NO,2021-02-07 20:20:12,71.0357,27.8492,28.4,74,75,31.07,snow
187,Heyang,CN,2021-02-07 20:20:13,26.1011,107.473,53.46,94,100,2.93,light rain
188,Zhangjiakou,CN,2021-02-07 20:20:13,40.81,114.8794,17.89,79,0,4.81,clear sky
189,Barsana,IN,2021-02-07 20:20:13,27.65,77.3833,54.57,50,0,3.8,clear sky
190,Maxixe,MZ,2021-02-07 20:20:13,-23.8597,35.3472,82.4,69,20,7.9,few clouds
191,Itoman,JP,2021-02-07 20:20:14,26.1247,127.6694,62.6,67,20,5.75,few clouds
192,Ballina,AU,2021-02-07 20:20:14,-28.8667,153.5667,75.2,69,90,14.97,overcast clouds
193,Okahandja,NA,2021-02-07 20:20:14,-21.9833,16.9167,79.0,33,83,8.05,broken clouds
194,Kirakira,SB,2021-02-07 20:20:15,-10.4544,161.9205,79.74,78,37,5.1,scattered clouds
195,Mackay,AU,2021-02-07 20:20:15,-21.15,149.2,80.6,89,75,3.44,broken clouds
196,Tuy Hoa,VN,2021-02-07 20:20:15,13.0833,109.3,71.13,89,100,5.17,overcast clouds
197,Necochea,AR,2021-02-07 20:20:15,-38.5473,-58.7368,57.99,90,100,16.51,overcast clouds
198,Longyearbyen,SJ,2021-02-07 20:20:15,78.2186,15.6401,14.0,67,75,16.11,snow
199,Olafsvik,IS,2021-02-07 20:20:16,64.8945,-23.7142,33.96,84,12,15.73,few clouds
200,Quixada,BR,2021-02-07 20:19:57,-4.9714,-39.0153,91.94,38,8,10.33,clear sky
201,Ellensburg,US,2021-02-07 20:15:44,46.9965,-120.5479,43.0,54,0,8.99,clear sky
202,Maldonado,UY,2021-02-07 20:20:16,-34.6667,-54.9167,77.0,65,20,11.5,few clouds
203,Ponta Do Sol,PT,2021-02-07 20:20:08,32.6667,-17.1,59.0,69,40,5.99,scattered clouds
204,Novo Aripuana,BR,2021-02-07 20:20:17,-5.1206,-60.3797,83.26,84,96,2.64,overcast clouds
205,Hamilton,US,2021-02-07 20:19:02,39.1834,-84.5333,24.01,33,75,4.61,broken clouds
206,Vila Velha,BR,2021-02-07 20:16:17,-20.3297,-40.2925,71.6,94,90,11.5,light rain
207,Kalmunai,LK,2021-02-07 20:20:17,7.4167,81.8167,76.8,88,23,10.71,few clouds
208,Aksarka,RU,2021-02-07 20:15:20,66.5606,67.7975,-16.04,88,100,29.71,light snow
209,Esmeraldas,BR,2021-02-07 20:20:18,-19.7625,-44.3139,71.6,94,90,12.66,heavy intensity rain
210,Marawi,PH,2021-02-07 20:20:18,7.9986,124.2928,75.0,96,100,1.99,overcast clouds
211,Sao Joao Da Barra,BR,2021-02-07 20:20:18,-21.6403,-41.0511,71.6,100,90,6.93,light rain
212,Anadyr,RU,2021-02-07 20:20:19,64.75,177.4833,10.4,56,100,8.95,snow
213,Kenai,US,2021-02-07 20:20:19,60.5544,-151.2583,9.0,85,1,4.61,clear sky
214,Lillehammer,NO,2021-02-07 20:20:20,61.1146,10.4674,3.0,89,0,5.61,clear sky
215,Oussouye,SN,2021-02-07 20:20:20,12.485,-16.5469,82.4,36,0,2.3,clear sky
216,Anchorage,US,2021-02-07 20:19:45,61.2181,-149.9003,10.4,92,40,4.61,mist
217,Faya,SA,2021-02-07 20:20:20,18.3851,42.4509,57.2,41,0,3.44,clear sky
218,Odweyne,SO,2021-02-07 20:20:21,9.4092,45.064,66.49,48,20,7.94,few clouds
219,Padang,ID,2021-02-07 20:20:21,-0.9492,100.3543,77.0,83,20,5.75,light rain
220,Amaraji,BR,2021-02-07 20:20:21,-8.3831,-35.4525,80.6,69,75,9.22,broken clouds
221,Long Xuyen,VN,2021-02-07 20:20:22,10.3833,105.4167,73.4,100,94,2.3,overcast clouds
222,Maromitsa,RU,2021-02-07 20:20:22,59.8683,48.0123,-22.13,86,100,8.57,overcast clouds
223,Ola,RU,2021-02-07 20:20:22,59.5833,151.2833,14.92,88,100,24.87,overcast clouds
224,Wad Rawah,SD,2021-02-07 20:20:22,15.1603,33.1397,69.62,25,0,13.04,clear sky
225,Krasnoselkup,RU,2021-02-07 20:20:48,65.7,82.4667,10.76,95,98,15.23,light snow
226,Malatya,TR,2021-02-07 20:19:32,38.5,38.0,33.8,86,0,2.3,clear sky
227,Dauriya,RU,2021-02-07 20:20:48,49.9333,116.8667,-14.98,85,0,2.98,clear sky
228,Mizdah,LY,2021-02-07 20:20:48,31.4451,12.9801,64.9,33,84,13.02,broken clouds
229,Saint-Augustin,CA,2021-02-07 20:20:49,51.226,-58.6502,26.71,92,13,17.81,few clouds
230,Dingle,PH,2021-02-07 20:20:49,10.9995,122.6711,75.49,92,100,8.9,light rain
231,Cervo,ES,2021-02-07 20:20:49,43.6702,-7.4101,52.0,90,100,5.01,overcast clouds
232,Marzuq,YE,2021-02-07 20:20:49,14.4,46.4667,61.11,66,0,1.39,clear sky
233,Saint Anthony,US,2021-02-07 20:20:49,45.0205,-93.218,-2.2,49,1,5.75,clear sky
234,Kotelnich,RU,2021-02-07 20:20:50,58.3089,48.348,-15.86,86,100,9.31,light snow
235,Kang,BW,2021-02-07 20:20:50,-23.6752,22.7876,69.22,85,100,8.05,light rain
236,Avarua,CK,2021-02-07 20:18:24,-21.2078,-159.775,84.2,74,20,13.8,few clouds
237,Campagna,IT,2021-02-07 20:20:50,40.6653,15.1059,55.0,96,100,1.01,overcast clouds
238,Sharjah,AE,2021-02-07 20:17:36,25.3573,55.4033,69.8,77,0,5.75,clear sky
239,Gamba,GA,2021-02-07 20:20:51,-2.65,10.0,79.21,86,100,5.26,overcast clouds
240,Deputatskiy,RU,2021-02-07 20:20:51,69.3,139.9,-28.98,86,0,1.12,clear sky
241,Port Hawkesbury,CA,2021-02-07 20:20:52,45.6169,-61.3485,30.0,46,1,3.44,clear sky
242,Esso,RU,2021-02-07 20:20:52,55.9333,158.7,22.19,92,99,13.4,light snow
243,Tezu,IN,2021-02-07 20:20:52,27.9167,96.1667,59.58,36,0,3.69,clear sky
244,Cordoba,AR,2021-02-07 20:20:53,-31.4135,-64.1811,91.0,51,20,11.5,few clouds
245,Taganak,PH,2021-02-07 20:20:53,6.0833,118.3,80.6,89,20,5.75,few clouds
246,Hay River,CA,2021-02-07 20:20:53,60.8156,-115.7999,-31.0,61,27,4.61,scattered clouds
247,Algiers,DZ,2021-02-07 20:19:30,36.7525,3.042,53.6,82,40,8.05,scattered clouds
248,Tuatapere,NZ,2021-02-07 20:20:12,-46.1333,167.6833,59.99,70,100,6.62,overcast clouds
249,Gigmoto,PH,2021-02-07 20:20:54,13.7796,124.39,78.49,83,100,16.22,overcast clouds
250,Richards Bay,ZA,2021-02-07 20:20:54,-28.783,32.0377,74.97,90,81,2.86,broken clouds
251,Cheney,US,2021-02-07 20:20:54,47.4874,-117.5758,34.0,55,90,10.36,light snow
252,Margate,GB,2021-02-07 20:20:43,51.3813,1.3862,30.99,85,100,7.0,light snow
253,Nanortalik,GL,2021-02-07 20:18:02,60.1432,-45.2371,28.83,89,84,12.66,broken clouds
254,Bani Walid,LY,2021-02-07 20:20:55,31.7566,13.9942,70.88,21,83,13.38,broken clouds
255,Kamenka,RU,2021-02-07 20:20:13,51.3223,42.7678,-6.5,91,17,9.86,few clouds
256,Vicuna,CL,2021-02-07 20:20:55,-30.0319,-70.7081,82.99,31,0,1.01,clear sky
257,Santa Ines,BR,2021-02-07 20:20:55,-3.6667,-45.38,88.14,66,53,1.7,broken clouds
258,Praya,CV,2021-02-07 20:20:55,14.9215,-23.5087,69.8,64,40,21.85,scattered clouds
259,Hofn,IS,2021-02-07 20:20:56,64.2539,-15.2082,35.85,92,100,19.06,moderate rain
260,Shimoda,JP,2021-02-07 20:20:56,34.6667,138.95,39.0,60,0,22.15,clear sky
261,Chokurdakh,RU,2021-02-07 20:19:29,70.6333,147.9167,-19.97,87,100,8.23,overcast clouds
262,Mount Gambier,AU,2021-02-07 20:16:51,-37.8333,140.7667,55.4,76,90,9.22,overcast clouds
263,Creel,MX,2021-02-07 20:20:57,27.75,-107.6333,61.03,28,0,14.29,clear sky
264,Puerto Escondido,MX,2021-02-07 20:19:41,15.85,-97.0667,84.2,70,40,5.75,scattered clouds
265,Ancud,CL,2021-02-07 20:20:57,-41.8697,-73.8203,82.4,30,0,5.75,clear sky
266,Bogale,MM,2021-02-07 20:20:57,16.2833,95.4,70.36,67,38,7.56,scattered clouds
267,Ouro Preto Do Oeste,BR,2021-02-07 20:20:58,-10.7481,-62.2158,81.32,86,81,4.32,broken clouds
268,Outjo,NA,2021-02-07 20:20:58,-20.1167,16.15,77.31,32,96,14.12,overcast clouds
269,Tasiilaq,GL,2021-02-07 20:20:58,65.6145,-37.6368,24.8,54,0,16.11,clear sky
270,Lixourion,GR,2021-02-07 20:20:59,38.2019,20.4314,61.07,77,100,22.77,overcast clouds
271,Xingyi,CN,2021-02-07 20:20:59,24.1877,102.817,48.25,97,100,2.33,overcast clouds
272,Baie-Saint-Paul,CA,2021-02-07 20:20:59,47.4411,-70.4986,27.0,79,100,4.61,overcast clouds
273,Muhos,FI,2021-02-07 20:21:24,64.808,25.9931,7.0,85,0,5.75,clear sky
274,Marfino,RU,2021-02-07 20:21:25,55.7028,37.3822,10.0,78,75,6.71,light snow
275,Labuhan,ID,2021-02-07 20:21:25,-6.8844,112.2051,78.42,85,100,8.86,overcast clouds
276,Solnechnyy,RU,2021-02-07 20:21:25,50.7214,136.6319,1.08,90,100,3.83,overcast clouds
277,Saskylakh,RU,2021-02-07 20:19:03,71.9167,114.0833,-37.07,79,28,13.29,scattered clouds
278,Kahului,US,2021-02-07 20:21:26,20.8947,-156.47,75.2,57,1,8.05,clear sky
279,Barmer,IN,2021-02-07 20:21:26,25.75,71.3833,57.83,33,0,0.96,clear sky
280,Carnarvon,AU,2021-02-07 20:21:26,-24.8667,113.6333,75.2,100,40,6.91,scattered clouds
281,Grand Gaube,MU,2021-02-07 20:21:26,-20.0064,57.6608,81.0,79,87,3.0,overcast clouds
282,Cayenne,GF,2021-02-07 20:21:27,4.9333,-52.3333,82.4,78,75,13.8,broken clouds
283,Kutum,SD,2021-02-07 20:21:27,14.2,24.6667,56.39,33,0,8.23,clear sky
284,Taoudenni,ML,2021-02-07 20:20:01,22.6783,-3.9836,64.33,27,0,9.28,clear sky
285,Charters Towers,AU,2021-02-07 20:21:27,-20.1,146.2667,76.68,89,100,8.03,overcast clouds
286,Columbus,US,2021-02-07 20:20:06,39.9612,-82.9988,21.0,58,20,8.05,few clouds
287,Port Blair,IN,2021-02-07 20:21:28,11.6667,92.75,78.03,81,1,10.0,clear sky
288,Villarrica,PY,2021-02-07 20:21:28,-25.75,-56.4333,83.37,56,0,2.39,clear sky
289,Viedma,AR,2021-02-07 20:21:28,-40.8135,-62.9967,66.0,55,82,1.01,broken clouds
290,Karasburg,NA,2021-02-07 20:21:29,-28.0167,18.75,78.66,32,0,19.73,clear sky
291,Faanui,PF,2021-02-07 20:20:10,-16.4833,-151.75,81.16,74,1,11.68,clear sky
292,Aklavik,CA,2021-02-07 20:21:03,68.2191,-135.0107,-16.6,69,90,13.8,snow
293,Bubaque,GW,2021-02-07 20:21:29,11.2833,-15.8333,77.36,66,15,16.44,few clouds
294,Katherine,AU,2021-02-07 20:21:30,-14.4667,132.2667,75.2,94,90,8.05,overcast clouds
295,Shizunai,JP,2021-02-07 20:21:30,42.3339,142.3669,20.3,93,77,12.35,broken clouds
296,Manturovo,RU,2021-02-07 20:21:30,58.3353,44.7619,-19.71,86,99,7.27,overcast clouds
297,Mpika,ZM,2021-02-07 20:21:31,-11.8343,31.4529,65.07,94,100,4.03,moderate rain
298,Aguimes,ES,2021-02-07 20:21:31,27.9054,-15.4461,64.4,68,75,10.36,broken clouds
299,Shahreza,IR,2021-02-07 20:21:32,32.0339,51.8794,41.29,68,42,4.23,scattered clouds
300,Sabang,ID,2021-02-07 20:17:07,5.8933,95.3214,81.32,79,35,11.21,scattered clouds
301,Sola,VU,2021-02-07 20:21:32,-13.8833,167.55,81.14,76,100,9.31,overcast clouds
302,Kingman,US,2021-02-07 20:19:43,35.1894,-114.053,64.4,13,1,4.5,clear sky
303,Srednekolymsk,RU,2021-02-07 20:20:56,67.45,153.6833,-8.28,85,100,4.99,overcast clouds
304,Gerash,IR,2021-02-07 20:21:33,27.6652,54.1371,60.8,55,40,11.5,scattered clouds
305,Coihaique,CL,2021-02-07 20:18:25,-45.5752,-72.0662,78.8,25,0,5.75,clear sky
306,Teahupoo,PF,2021-02-07 20:21:34,-17.8333,-149.2667,86.0,58,20,5.75,light rain
307,Chapais,CA,2021-02-07 20:21:34,49.7834,-74.8492,15.8,79,90,10.36,light snow
308,Taldan,RU,2021-02-07 20:21:34,53.6667,124.8,-18.13,85,0,3.71,clear sky
309,Darhan,MN,2021-02-07 20:21:35,49.4867,105.9228,2.77,87,9,5.57,clear sky
310,Jabinyanah,TN,2021-02-07 20:21:35,35.035,10.9081,60.8,77,40,13.8,scattered clouds
311,Jiangyou,CN,2021-02-07 20:21:35,31.7667,104.7167,51.28,52,100,2.71,overcast clouds
312,Meoqui,MX,2021-02-07 20:21:35,28.2833,-105.4833,69.8,13,1,9.22,clear sky
313,Buraydah,SA,2021-02-07 20:21:35,26.326,43.975,55.4,94,75,3.44,broken clouds
314,Nabire,ID,2021-02-07 20:21:36,-3.3667,135.4833,75.58,83,78,3.85,broken clouds
315,Carutapera,BR,2021-02-07 20:21:37,-1.195,-46.02,83.21,72,3,9.08,clear sky
316,Boende,CD,2021-02-07 20:21:37,-0.2167,20.8667,77.02,73,91,0.92,overcast clouds
317,Balkhash,KZ,2021-02-07 20:21:37,46.844,74.9804,28.22,99,77,8.34,broken clouds
318,Ilulissat,GL,2021-02-07 20:21:37,69.2167,-51.1,24.8,39,0,6.91,clear sky
319,Henties Bay,NA,2021-02-07 20:22:03,-22.116,14.2845,64.99,87,77,5.01,broken clouds
320,Punakha,BT,2021-02-07 20:22:03,27.5837,89.8598,46.81,45,0,3.71,clear sky
321,Arkhangelsk,RU,2021-02-07 20:22:03,64.5401,40.5433,-4.0,77,75,2.24,broken clouds
322,Billings,US,2021-02-07 20:20:04,45.7833,-108.5007,0.0,71,75,6.91,haze
323,Jacareacanga,BR,2021-02-07 20:22:04,-6.2222,-57.7528,81.3,91,100,3.0,overcast clouds
324,Longonjo,AO,2021-02-07 20:22:04,-12.9067,15.2533,66.72,64,100,3.33,overcast clouds
325,Glenwood Springs,US,2021-02-07 20:22:04,39.5505,-107.3248,48.2,54,1,21.85,clear sky
326,Kunyang,CN,2021-02-07 20:22:05,27.6658,120.5658,56.88,79,95,2.44,overcast clouds
327,Ngunguru,NZ,2021-02-07 20:22:05,-35.6167,174.5,68.0,80,81,8.99,broken clouds
328,Qostanay,KZ,2021-02-07 20:22:05,53.1667,63.5833,6.8,92,0,13.42,light snow
329,Bandarbeyla,SO,2021-02-07 20:22:05,9.4942,50.8122,75.74,79,22,18.66,few clouds
330,Navoloki,RU,2021-02-07 20:22:06,57.4657,41.9634,-15.88,87,6,7.05,clear sky
331,Dmitriyevskoye,RU,2021-02-07 20:21:09,45.8053,41.8967,25.79,94,100,2.35,snow
332,Roswell,US,2021-02-07 20:18:43,34.0232,-84.3616,51.01,62,40,9.22,scattered clouds
333,Pahrump,US,2021-02-07 20:19:06,36.2083,-115.9839,61.0,22,0,1.99,clear sky
334,Zhezkazgan,KZ,2021-02-07 20:20:22,47.8043,67.7144,30.0,98,100,23.33,light snow
335,Opuwo,NA,2021-02-07 20:22:07,-18.0607,13.84,75.27,30,37,8.95,scattered clouds
336,Pisco,PE,2021-02-07 20:20:20,-13.7,-76.2167,75.2,78,0,4.61,clear sky
337,Bakchar,RU,2021-02-07 20:20:19,57.0186,82.0711,12.07,94,100,12.77,overcast clouds
338,Inhambane,MZ,2021-02-07 20:21:20,-23.865,35.3833,82.4,69,20,9.42,few clouds
339,Wieliczka,PL,2021-02-07 20:18:03,49.9874,20.0647,19.99,72,100,5.01,light snow
340,Alta Floresta,BR,2021-02-07 20:22:08,-9.8756,-56.0861,89.6,58,40,10.36,scattered clouds
341,Santa Rosa,PH,2021-02-07 20:18:39,14.3122,121.1114,77.0,78,20,1.14,few clouds
342,Tinde,TZ,2021-02-07 20:22:08,-3.8833,33.2,67.66,85,81,2.95,broken clouds
343,Luz,BR,2021-02-07 20:22:09,-19.8014,-45.6856,76.42,77,53,4.18,light rain
344,Yermish,RU,2021-02-07 20:22:09,54.7678,42.2711,4.59,93,100,12.46,overcast clouds
345,Marsabit,KE,2021-02-07 20:22:09,2.3284,37.9899,73.63,53,47,8.34,scattered clouds
346,Damara,CF,2021-02-07 20:22:09,4.9608,18.7035,84.2,58,20,2.3,few clouds
347,Beaufort,MY,2021-02-07 20:22:09,5.3473,115.7455,80.6,89,20,9.22,few clouds
348,Aketi,CD,2021-02-07 20:22:10,2.7388,23.7833,71.55,37,100,1.5,overcast clouds
349,Bowen,AU,2021-02-07 20:22:10,-20.0167,148.2333,77.0,94,100,4.72,overcast clouds
350,Kayerkan,RU,2021-02-07 20:22:10,69.3497,87.7602,-21.8,79,56,6.69,broken clouds
351,Leningradskiy,RU,2021-02-07 20:20:23,69.3833,178.4167,-14.24,81,0,6.73,clear sky
352,Goderich,CA,2021-02-07 20:22:10,43.7501,-81.7165,10.4,67,100,14.97,overcast clouds
353,Kashi,CN,2021-02-07 20:22:11,39.4547,75.9797,35.6,51,53,8.95,broken clouds
354,Novomykolayivka,UA,2021-02-07 20:22:11,47.9781,35.9102,15.8,67,0,4.47,clear sky
355,Port Lincoln,AU,2021-02-07 20:20:20,-34.7333,135.8667,59.36,79,73,15.39,broken clouds
356,New Norfolk,AU,2021-02-07 20:22:12,-42.7826,147.0587,53.01,66,9,1.99,clear sky
357,Cilegon,ID,2021-02-07 20:22:12,-6.0174,106.0538,78.8,89,75,3.44,light rain
358,Laje,BR,2021-02-07 20:22:12,-10.1833,-40.9667,87.55,43,97,6.22,overcast clouds
359,Halifax,CA,2021-02-07 20:21:57,44.6453,-63.5724,30.2,55,100,8.05,light snow
360,Naze,JP,2021-02-07 20:22:13,28.3667,129.4833,57.58,65,0,9.33,clear sky
361,Yokadouma,CM,2021-02-07 20:22:13,3.5167,15.05,73.89,34,97,0.98,overcast clouds
362,Athabasca,CA,2021-02-07 20:21:32,54.7169,-113.2854,-18.4,76,34,3.44,scattered clouds
363,Madimba,TZ,2021-02-07 20:22:13,-10.4,40.3333,80.6,89,40,9.22,scattered clouds
364,Qaqortoq,GL,2021-02-07 20:22:13,60.7167,-46.0333,37.4,28,73,49.48,broken clouds
365,Borogontsy,RU,2021-02-07 20:22:14,62.6683,131.1683,-35.77,81,0,2.57,clear sky
366,Caravelas,BR,2021-02-07 20:18:18,-17.7125,-39.2481,78.06,88,100,9.22,heavy intensity rain
367,Ada,US,2021-02-07 20:22:39,43.4166,-116.1262,46.4,34,1,14.97,clear sky
368,Redlands,US,2021-02-07 20:21:36,34.0556,-117.1825,73.0,21,1,4.07,clear sky
369,Sao Lourenco Do Sul,BR,2021-02-07 20:22:40,-31.3653,-51.9783,78.8,61,20,9.22,few clouds
370,Great Yarmouth,GB,2021-02-07 20:22:40,52.6083,1.7305,30.99,93,90,23.02,light snow
371,Tokoroa,NZ,2021-02-07 20:22:40,-38.2333,175.8667,64.0,83,99,0.76,overcast clouds
372,Kazerun,IR,2021-02-07 20:22:41,29.6195,51.6541,49.39,82,0,0.58,clear sky
373,Geraldton,AU,2021-02-07 20:22:41,-28.7667,114.6,66.2,88,75,16.11,light rain
374,Alamogordo,US,2021-02-07 20:18:58,32.8995,-105.9603,66.2,9,1,6.91,clear sky
375,Santa Isabel Do Rio Negro,BR,2021-02-07 20:22:41,-0.4139,-65.0192,86.65,71,100,4.27,overcast clouds
376,Huarmey,PE,2021-02-07 20:22:42,-10.0681,-78.1522,76.75,63,93,10.67,overcast clouds
377,Puerto Carreno,CO,2021-02-07 20:18:24,6.189,-67.4859,93.85,39,100,7.2,overcast clouds
378,Ibra,OM,2021-02-07 20:22:42,22.6906,58.5334,54.09,90,0,0.65,clear sky
379,Urengoy,RU,2021-02-07 20:22:42,65.9667,78.3667,2.97,94,100,16.11,light snow
380,Kaitangata,NZ,2021-02-07 20:20:49,-46.2817,169.8464,64.0,87,100,3.0,overcast clouds
381,Maniitsoq,GL,2021-02-07 20:22:43,65.4167,-52.9,27.05,80,0,16.31,clear sky
382,Grindavik,IS,2021-02-07 20:22:43,63.8424,-22.4338,33.8,64,0,16.11,clear sky
383,Sendafa,ET,2021-02-07 20:22:43,9.15,39.0333,50.9,89,61,4.45,broken clouds
384,Adrar,MR,2021-02-07 20:22:44,20.5022,-10.0711,61.72,30,0,9.13,clear sky
385,Yuancheng,CN,2021-02-07 20:22:44,36.652,107.7896,29.71,82,27,3.42,scattered clouds
386,Lincolnton,US,2021-02-07 20:22:44,35.4737,-81.2545,51.8,43,1,6.91,clear sky
387,Leninsk,RU,2021-02-07 20:22:05,48.7119,45.1994,10.0,66,75,11.18,broken clouds
388,Hobyo,SO,2021-02-07 20:22:45,5.3505,48.5268,78.1,78,0,17.29,clear sky
389,Harper,LR,2021-02-07 20:22:45,4.375,-7.7169,79.74,87,100,6.11,overcast clouds
390,Bambanglipuro,ID,2021-02-07 20:22:46,-7.95,110.2833,76.51,87,100,6.29,light rain
391,Yarada,IN,2021-02-07 20:22:46,17.65,83.2667,73.4,83,80,2.3,mist
392,Nome,US,2021-02-07 20:22:46,64.5011,-165.4064,-8.0,84,1,5.57,clear sky
393,Vardo,NO,2021-02-07 20:22:46,70.3705,31.1107,23.0,93,90,33.38,snow
394,Teya,RU,2021-02-07 20:22:47,60.3778,92.6267,29.86,93,100,15.84,overcast clouds
395,Abnub,EG,2021-02-07 20:22:47,27.2696,31.1511,59.0,67,0,6.91,clear sky
396,Hun,LY,2021-02-07 20:22:47,29.1268,15.9477,73.87,17,100,13.69,overcast clouds
397,Havelock,US,2021-02-07 20:22:48,34.8791,-76.9013,48.99,71,75,21.85,broken clouds
398,Kenora,CA,2021-02-07 20:22:48,49.8167,-94.4337,-16.01,58,1,10.36,snow
399,Barguzin,RU,2021-02-07 20:22:48,53.6167,109.6167,6.78,89,100,2.77,overcast clouds
400,Urusha,RU,2021-02-07 20:22:48,54.05,122.9,-18.89,84,7,2.1,clear sky
401,Kurchum,KZ,2021-02-07 20:22:49,48.5722,83.6542,24.4,93,100,2.8,overcast clouds
402,Pontiac,US,2021-02-07 20:17:59,42.6389,-83.2911,15.8,56,40,17.27,scattered clouds
403,Comodoro Rivadavia,AR,2021-02-07 20:22:50,-45.8667,-67.5,64.4,55,20,21.85,few clouds
404,Hokitika,NZ,2021-02-07 20:22:03,-42.7167,170.9667,60.75,74,40,5.7,scattered clouds
405,Castro,BR,2021-02-07 20:22:50,-24.7911,-50.0119,75.11,54,0,3.2,clear sky
406,Rocha,UY,2021-02-07 20:21:03,-34.4833,-54.3333,73.06,70,27,12.73,scattered clouds
407,Basco,PH,2021-02-07 20:22:51,20.4487,121.9702,74.03,83,98,22.59,overcast clouds
408,Kumano,JP,2021-02-07 20:22:51,34.3442,132.5894,48.2,66,20,10.27,haze
409,Nuevo Casas Grandes,MX,2021-02-07 20:22:52,30.4167,-107.9167,69.01,13,0,5.01,clear sky
410,Votkinsk,RU,2021-02-07 20:22:52,57.0486,53.9872,-2.0,77,100,5.99,light snow
411,Bonnyville,CA,2021-02-07 20:22:52,54.2668,-110.735,-22.0,63,20,8.05,few clouds
412,Jian,CN,2021-02-07 20:22:52,27.1172,114.9793,58.8,65,99,10.47,overcast clouds
413,Vostok,RU,2021-02-07 20:22:52,46.4856,135.8833,-15.25,90,100,2.98,overcast clouds
414,Sandy Bay,AU,2021-02-07 20:23:18,-42.913,147.3532,55.4,62,75,9.22,broken clouds
415,Iqaluit,CA,2021-02-07 20:23:18,63.7506,-68.5145,26.6,74,75,6.91,broken clouds
416,Iquique,CL,2021-02-07 20:20:57,-20.2208,-70.1431,77.0,47,0,19.57,clear sky
417,Shelburne,CA,2021-02-07 20:23:18,44.0787,-80.2041,18.0,74,96,14.58,overcast clouds
418,Bac Lieu,VN,2021-02-07 20:19:07,9.285,105.7244,75.7,84,4,15.17,clear sky
419,Nyurba,RU,2021-02-07 20:23:19,63.2842,118.3319,-3.42,91,100,7.02,light snow
420,Yantzaza,EC,2021-02-07 20:23:19,-3.8278,-78.7594,85.87,48,49,4.81,light rain
421,Aripuana,BR,2021-02-07 20:23:19,-9.1667,-60.6333,76.05,89,100,2.75,overcast clouds
422,Asfi,MA,2021-02-07 20:23:19,32.2994,-9.2372,58.32,70,100,5.99,overcast clouds
423,Synya,RU,2021-02-07 20:23:19,65.3718,58.0387,-19.97,87,100,10.07,light snow
424,Whitehorse,CA,2021-02-07 20:20:39,60.7161,-135.0538,-7.6,77,90,3.44,light snow
425,Castanos,MX,2021-02-07 20:23:20,26.7833,-101.4167,71.06,22,69,6.2,broken clouds
426,Komsomolsk,UA,2021-02-07 20:23:20,49.0097,33.6455,15.82,80,74,7.74,broken clouds
427,Mahajanga,MG,2021-02-07 20:23:21,-15.7167,46.3167,78.8,94,40,2.3,moderate rain
428,Gazli,UZ,2021-02-07 20:23:21,40.1333,63.45,54.61,55,100,5.99,overcast clouds
429,Auki,SB,2021-02-07 20:23:21,-8.7676,160.7034,78.78,84,10,5.48,clear sky
430,Mahibadhoo,MV,2021-02-07 20:23:21,3.7833,72.9667,80.96,76,2,14.27,clear sky
431,Ligayan,PH,2021-02-07 20:23:21,4.6533,119.4706,81.23,81,100,13.02,overcast clouds
432,Leopoldina,BR,2021-02-07 20:23:22,-21.5319,-42.6431,68.68,93,100,2.3,moderate rain
433,Constitucion,CL,2021-02-07 20:22:20,-35.3333,-72.4167,65.86,70,3,8.81,clear sky
434,Sinnamary,GF,2021-02-07 20:23:22,5.3833,-52.95,78.6,85,100,14.34,overcast clouds
435,San Cristobal,VE,2021-02-07 20:23:22,7.7669,-72.225,86.0,54,40,8.05,scattered clouds
436,Belaya Gora,RU,2021-02-07 20:23:23,68.5333,146.4167,-26.39,83,92,4.29,overcast clouds
437,Erdenet,MN,2021-02-07 20:23:23,49.0333,104.0833,6.62,85,0,4.21,clear sky
438,Cap-Chat,CA,2021-02-07 20:23:23,49.1001,-66.6821,23.0,58,52,4.61,broken clouds
439,Makakilo City,US,2021-02-07 20:23:24,21.3469,-158.0858,77.0,41,1,5.75,clear sky
440,Kanigiri,IN,2021-02-07 20:23:24,15.4,79.5167,67.08,79,100,0.69,overcast clouds
441,Sibolga,ID,2021-02-07 20:23:24,1.7427,98.7792,76.57,80,100,4.25,overcast clouds
442,Kitimat,CA,2021-02-07 20:23:24,54.0524,-128.6534,30.0,66,99,4.52,overcast clouds
443,Toamasina,MG,2021-02-07 20:23:25,-18.1667,49.3833,78.8,83,40,4.61,scattered clouds
444,Hervey Bay,AU,2021-02-07 20:20:54,-25.2986,152.8535,79.0,88,17,3.0,few clouds
445,Morros,BR,2021-02-07 20:23:25,-9.4467,-46.3003,74.7,80,100,3.96,overcast clouds
446,Eyl,SO,2021-02-07 20:23:25,7.9803,49.8164,75.51,79,0,18.77,clear sky
447,Matagami,CA,2021-02-07 20:23:26,49.7502,-77.6328,8.6,66,20,10.36,few clouds
448,Usinsk,RU,2021-02-07 20:23:26,65.9939,57.5281,-19.8,87,100,15.82,light snow
449,Deep River,CA,2021-02-07 20:23:26,46.1001,-77.4995,23.0,53,75,12.66,broken clouds
450,Oak Ridge,US,2021-02-07 20:19:02,36.0104,-84.2696,42.01,75,75,8.05,broken clouds
451,Coquimbo,CL,2021-02-07 20:20:45,-29.9533,-71.3436,68.0,60,0,13.8,clear sky
452,Polyarnyy,RU,2021-02-07 20:23:27,69.1989,33.4478,17.6,86,40,6.71,light snow
453,Mikhaylovka,RU,2021-02-07 20:23:27,50.06,43.2379,8.01,73,0,7.0,clear sky
454,Kayes,ML,2021-02-07 20:23:27,14.0,-11.0,79.54,16,0,9.48,clear sky
455,Nizhniy Baskunchak,RU,2021-02-07 20:23:28,48.2198,46.8311,15.28,76,0,14.36,clear sky
456,Ceglie Messapica,IT,2021-02-07 20:23:28,40.6439,17.5155,59.0,88,75,5.75,broken clouds
457,Nemuro,JP,2021-02-07 20:23:28,43.3236,145.575,13.78,86,0,10.65,clear sky
458,Fairbanks,US,2021-02-07 20:23:29,64.8378,-147.7164,-9.99,76,1,2.68,clear sky
459,Kropotkin,RU,2021-02-07 20:23:29,45.4375,40.5756,25.47,98,100,3.11,snow
460,Algemesi,ES,2021-02-07 20:23:29,39.1833,-0.4333,59.0,55,24,7.0,few clouds
461,Shenkursk,RU,2021-02-07 20:23:29,62.1091,42.896,-17.81,87,100,7.61,overcast clouds
462,Biak,ID,2021-02-07 20:23:54,-0.9131,122.8766,77.22,79,100,2.08,light rain
463,Presidencia Roque Saenz Pena,AR,2021-02-07 20:23:55,-26.7852,-60.4388,94.8,17,0,8.19,clear sky
464,Sicamous,CA,2021-02-07 20:23:55,50.8331,-118.9856,30.0,59,74,4.61,broken clouds
465,Stokmarknes,NO,2021-02-07 20:23:55,68.5646,14.9108,32.0,74,75,6.91,light snow
466,Acapulco,MX,2021-02-07 20:21:32,16.8634,-99.8901,86.0,62,20,9.22,few clouds
467,Olupona,NG,2021-02-07 20:23:55,7.6,4.1833,84.18,34,99,4.0,overcast clouds
468,Sikonge,TZ,2021-02-07 20:23:56,-5.6333,32.7667,68.0,94,75,5.75,light rain
469,Liwale,TZ,2021-02-07 20:23:56,-9.7667,37.9333,70.93,97,98,2.48,overcast clouds
470,Skjervoy,NO,2021-02-07 20:23:56,70.0311,20.9714,26.6,74,75,5.75,light snow
471,Sabancuy,MX,2021-02-07 20:23:56,18.9667,-91.1833,79.45,66,9,7.67,clear sky
472,Glarus,CH,2021-02-07 20:23:57,47.0406,9.068,36.0,51,100,4.0,light snow
473,Alpena,US,2021-02-07 20:23:57,45.0617,-83.4327,14.0,48,75,17.27,broken clouds
474,Puerto Narino,CO,2021-02-07 20:23:57,-3.7703,-70.3831,78.8,100,75,3.44,broken clouds
475,Kisangani,CD,2021-02-07 20:23:57,0.5167,25.2,72.34,47,90,1.95,overcast clouds
476,Sorong,ID,2021-02-07 20:23:58,-0.8833,131.25,78.69,86,100,7.38,overcast clouds
477,Brae,GB,2021-02-07 20:23:58,60.3964,-1.353,33.8,60,40,3.44,scattered clouds
478,Chacabuco,AR,2021-02-07 20:23:58,-34.6417,-60.4739,88.0,42,0,4.94,clear sky
479,Soyo,AO,2021-02-07 20:23:58,-6.1349,12.3689,80.85,83,100,6.51,overcast clouds
480,Nhulunbuy,AU,2021-02-07 20:23:59,-12.2333,136.7667,80.6,89,100,8.05,overcast clouds
481,Rawson,AR,2021-02-07 20:23:59,-43.3002,-65.1023,61.41,47,16,12.08,few clouds
482,Avon Park,US,2021-02-07 20:23:59,27.5959,-81.5062,82.0,69,40,8.05,scattered clouds
483,Shingu,JP,2021-02-07 20:23:59,33.7333,135.9833,42.49,75,0,7.45,clear sky
484,Radomsko,PL,2021-02-07 20:24:00,51.0671,19.4448,18.0,90,100,20.54,light snow
485,Khilok,RU,2021-02-07 20:24:00,51.3674,110.4676,3.22,89,36,3.31,scattered clouds
486,Sandovo,RU,2021-02-07 20:20:08,58.4602,36.4128,-9.92,89,1,4.88,clear sky
487,Tahe,CN,2021-02-07 20:24:01,52.3333,124.7333,-14.64,86,2,3.96,clear sky
488,Xinmin,CN,2021-02-07 20:24:01,41.9908,122.8253,5.0,78,0,2.24,clear sky
489,Amapa,BR,2021-02-07 20:24:01,1.0,-52.0,77.86,94,100,3.8,overcast clouds
490,Kloulklubed,PW,2021-02-07 20:24:01,7.0419,134.2556,77.0,100,90,8.05,moderate rain
491,Isangel,VU,2021-02-07 20:24:02,-19.55,169.2667,78.8,83,20,6.13,few clouds
492,Oranjemund,NA,2021-02-07 20:24:02,-28.55,16.4333,63.55,80,0,23.6,clear sky
493,Arroyo,ES,2021-02-07 20:24:02,41.6096,-4.7969,43.0,100,90,11.5,mist
494,Chunskiy,RU,2021-02-07 20:24:02,56.0815,99.6342,16.86,95,13,3.67,few clouds
495,Vila Franca Do Campo,PT,2021-02-07 20:24:03,37.7167,-25.4333,57.99,82,75,10.36,broken clouds
496,Bilibino,RU,2021-02-07 20:24:03,68.0546,166.4372,-1.5,72,0,5.7,clear sky
497,Yangambi,CD,2021-02-07 20:24:03,0.8102,24.4336,72.32,41,96,1.23,overcast clouds
498,Kindu,CD,2021-02-07 20:24:03,-2.95,25.95,74.59,76,97,1.77,overcast clouds
499,Skoghall,SE,2021-02-07 20:24:04,59.3232,13.4655,15.8,86,0,6.91,clear sky
500,Kerema,PG,2021-02-07 20:24:04,-7.9631,145.7785,78.39,83,100,3.58,very heavy rain
501,Elizabeth City,US,2021-02-07 20:24:04,36.2946,-76.2511,42.8,81,90,19.57,overcast clouds
502,Cunha,BR,2021-02-07 20:24:05,-23.0744,-44.9597,75.2,64,75,5.75,light rain
503,Embu,BR,2021-02-07 20:22:37,-23.6489,-46.8522,75.2,73,75,16.11,broken clouds
504,Pangnirtung,CA,2021-02-07 20:24:05,66.1451,-65.7125,33.8,44,20,16.11,few clouds
505,College,US,2021-02-07 20:20:25,64.8569,-147.8028,-9.99,75,20,4.61,few clouds
506,Antofagasta,CL,2021-02-07 20:20:57,-23.65,-70.4,69.8,64,20,13.8,few clouds
507,Pital,CO,2021-02-07 20:24:06,2.2665,-75.8044,88.09,39,81,4.03,broken clouds
508,Morondava,MG,2021-02-07 20:24:31,-20.2833,44.2833,82.6,72,100,0.31,moderate rain
509,Gisborne,NZ,2021-02-07 20:24:31,-38.6533,178.0042,63.0,81,18,1.99,few clouds
510,Taywarah,AF,2021-02-07 20:24:31,33.35,64.4167,33.69,70,94,3.58,overcast clouds
511,Rabat,MA,2021-02-07 20:22:39,33.9911,-6.8401,54.0,87,9,5.75,clear sky
512,Nieuw Amsterdam,SR,2021-02-07 20:24:32,5.8833,-55.0833,80.6,74,40,9.22,scattered clouds
513,Bayeux,BR,2021-02-07 20:24:32,-7.125,-34.9322,84.2,74,75,11.5,broken clouds
514,Guerrero Negro,MX,2021-02-07 20:24:32,27.9769,-114.0611,76.14,19,0,4.52,clear sky
515,Jiuquan,CN,2021-02-07 20:24:32,39.7432,98.5174,28.36,73,100,1.59,overcast clouds
516,Caruaru,BR,2021-02-07 20:24:33,-8.2833,-35.9761,83.61,49,36,16.53,scattered clouds
517,Prince Rupert,CA,2021-02-07 20:24:33,54.3161,-130.3201,33.8,60,1,12.66,clear sky
518,Yulara,AU,2021-02-07 20:24:33,-25.2406,130.9889,73.4,35,0,6.91,clear sky
519,Senneterre,CA,2021-02-07 20:24:33,48.3835,-77.2328,12.2,62,75,8.05,light snow
520,Te Anau,NZ,2021-02-07 20:24:34,-45.4167,167.7167,58.23,73,100,3.44,moderate rain
521,Soe,ID,2021-02-07 20:24:34,-9.8607,124.284,65.91,95,100,4.32,overcast clouds
522,Coracora,PE,2021-02-07 20:24:34,-15.0333,-73.7833,57.97,67,99,9.6,light rain
523,Nardaran,AZ,2021-02-07 20:24:34,40.5561,50.0056,42.8,87,75,18.41,broken clouds
524,Olga,RU,2021-02-07 20:24:35,43.7444,135.2892,0.72,80,0,13.73,clear sky
525,Cockburn Town,TC,2021-02-07 20:24:35,21.4612,-71.1419,80.6,74,20,16.78,few clouds
526,Capreol,CA,2021-02-07 20:24:35,46.706,-80.9225,14.0,44,75,13.8,broken clouds
527,Corn Island,NI,2021-02-07 20:24:35,12.1694,-83.0418,80.13,73,30,14.05,scattered clouds
528,Mopipi,BW,2021-02-07 20:24:35,-21.1833,24.8833,72.14,78,81,13.49,light rain
529,Skelleftea,SE,2021-02-07 20:24:36,64.7507,20.9528,15.8,92,90,5.75,overcast clouds
530,Panguna,PG,2021-02-07 20:24:36,-6.3164,155.4848,69.78,96,5,0.43,clear sky
531,Chumikan,RU,2021-02-07 20:24:36,54.7183,135.315,-8.05,83,100,26.57,overcast clouds
532,Komsomolskiy,UZ,2021-02-07 20:20:57,40.4272,71.7189,41.0,81,98,6.91,mist
533,Bandar-E Lengeh,IR,2021-02-07 20:24:37,26.5579,54.8807,65.46,74,0,5.61,clear sky
534,Atambua,ID,2021-02-07 20:24:37,-9.1061,124.8925,74.61,89,100,3.24,overcast clouds
535,Kangaba,ML,2021-02-07 20:24:37,11.9333,-8.4167,80.4,18,100,5.48,overcast clouds
536,Barra Patuca,HN,2021-02-07 20:24:37,15.8,-84.2833,83.01,66,0,13.2,clear sky
537,Siyabuswa,ZA,2021-02-07 20:20:04,-25.1132,29.0445,67.28,79,100,0.67,overcast clouds
538,Mitsamiouli,KM,2021-02-07 20:24:38,-11.3847,43.2844,83.7,71,97,6.93,overcast clouds
539,Olinda,BR,2021-02-07 20:24:38,-8.0089,-34.8553,80.6,69,75,9.22,broken clouds
540,Kuusamo,FI,2021-02-07 20:24:38,65.9667,29.1833,15.8,86,90,9.22,overcast clouds
541,Neiafu,TO,2021-02-07 20:24:39,-18.65,-173.9833,78.8,89,90,13.8,moderate rain
542,Preobrazheniye,RU,2021-02-07 20:24:39,42.9019,133.9064,4.39,84,0,10.74,clear sky
543,Baykit,RU,2021-02-07 20:24:39,61.67,96.37,25.21,95,99,6.64,light snow
544,Yumen,CN,2021-02-07 20:24:40,40.2833,97.2,27.07,75,83,4.81,broken clouds
545,Karratha,AU,2021-02-07 20:24:40,-20.7377,116.8463,77.95,71,1,8.48,clear sky
546,Saint-Pierre,RE,2021-02-07 20:20:09,-21.3393,55.4781,80.6,74,0,3.44,clear sky
547,Warrington,GB,2021-02-07 20:24:40,53.3925,-2.5802,37.0,64,90,13.8,overcast clouds
548,Weligama,LK,2021-02-07 20:24:40,5.9667,80.4167,75.36,87,14,3.22,few clouds
549,Estacion Coahuila,MX,2021-02-07 20:24:41,32.1939,-115.0017,77.0,17,1,3.44,clear sky
550,Chibombo,ZM,2021-02-07 20:24:41,-14.6569,28.0706,67.42,96,100,4.18,moderate rain
551,Ottersberg,DE,2021-02-07 20:24:41,53.1,9.15,23.0,80,75,19.57,snow
552,Tromso,NO,2021-02-07 20:24:41,69.6496,18.957,25.0,93,75,11.5,light snow
553,Ilesha,NG,2021-02-07 20:24:42,7.1371,5.2583,80.13,55,99,4.14,overcast clouds
554,Tolaga Bay,NZ,2021-02-07 20:25:07,-38.3667,178.3,62.4,70,33,6.62,scattered clouds
555,Mazatlan,MX,2021-02-07 20:23:44,23.2167,-106.4167,75.2,53,20,8.05,few clouds
556,Najran,SA,2021-02-07 20:25:08,17.4924,44.1277,64.4,42,40,4.61,scattered clouds
557,Siteki,SZ,2021-02-07 20:25:08,-26.45,31.95,66.33,100,97,2.15,overcast clouds
558,Zinder,NE,2021-02-07 20:25:08,13.8072,8.9881,68.97,20,5,7.61,clear sky
559,Ketchikan,US,2021-02-07 20:25:08,55.3422,-131.6461,30.2,64,1,13.8,clear sky
560,Sulangan,PH,2021-02-07 20:25:09,11.1373,123.7228,80.62,81,100,19.73,moderate rain
561,Kaseda,JP,2021-02-07 20:25:09,31.4167,130.3167,53.47,67,15,13.42,few clouds
562,Monmouth,US,2021-02-07 20:25:10,40.3001,-74.1663,33.8,93,90,13.8,"snow,mist"
563,Kununurra,AU,2021-02-07 20:22:06,-15.7667,128.7333,78.8,100,90,3.71,overcast clouds
564,Gondar,ET,2021-02-07 20:21:52,12.6,37.4667,51.87,42,0,4.76,clear sky
565,Northam,GB,2021-02-07 20:25:11,51.0333,-4.2167,36.0,72,33,13.0,scattered clouds
566,Sikandra Rao,IN,2021-02-07 20:25:11,27.7,78.4,54.07,59,0,4.65,clear sky
567,Verkhnyaya Inta,RU,2021-02-07 20:20:49,65.9811,60.3094,-14.31,89,100,8.23,light snow
568,Tucuma,BR,2021-02-07 20:25:11,-0.1833,-50.05,80.89,85,90,6.64,overcast clouds
569,Broome,US,2021-02-07 20:20:51,42.2506,-75.833,28.0,74,90,8.05,light snow
570,Seoul,KR,2021-02-07 20:25:12,37.5683,126.9778,26.6,54,0,10.36,clear sky
571,Rundu,NA,2021-02-07 20:25:12,-17.9333,19.7667,71.58,85,100,5.08,moderate rain
572,Touros,BR,2021-02-07 20:24:54,-5.1989,-35.4608,84.2,70,40,16.11,scattered clouds
573,Mikkeli,FI,2021-02-07 20:25:12,61.6886,27.2723,17.6,86,75,3.44,light snow
574,Lahat,ID,2021-02-07 20:25:13,-3.8,103.5333,72.07,92,91,2.15,overcast clouds
575,Malchin,DE,2021-02-07 20:25:13,53.7333,12.7833,24.8,63,90,25.32,overcast clouds
576,Vazante,BR,2021-02-07 20:25:13,-17.9869,-46.9078,74.23,89,100,0.94,light rain
577,Bindi,SL,2021-02-07 20:25:14,9.9167,-11.45,81.32,18,80,5.77,broken clouds
578,Hailar,CN,2021-02-07 20:20:34,49.2,119.7,-16.08,87,1,4.07,clear sky
579,Pravda,RU,2021-02-07 20:25:15,46.9396,142.009,-18.4,76,99,2.24,"light snow,smoke"
580,Jumla,NP,2021-02-07 20:20:59,29.2747,82.1838,35.44,57,0,6.33,clear sky
581,Heinola,FI,2021-02-07 20:25:16,61.2056,26.0381,19.4,86,90,6.91,overcast clouds
582,Puerto Del Rosario,ES,2021-02-07 20:25:16,28.5004,-13.8627,62.6,67,20,10.36,few clouds
583,Hovd,MN,2021-02-07 20:25:16,48.0056,91.6419,14.25,85,100,0.56,overcast clouds
584,Mehriz,IR,2021-02-07 20:25:17,31.5917,54.4318,48.2,81,40,2.3,scattered clouds
585,Kidal,ML,2021-02-07 20:25:17,18.4411,1.4078,73.94,20,100,8.77,overcast clouds
586,Kupang,ID,2021-02-07 20:20:27,-10.1667,123.5833,79.63,82,100,9.24,overcast clouds
587,Doha,QA,2021-02-07 20:25:17,25.2867,51.5333,68.0,77,0,9.22,clear sky
588,Port-Gentil,GA,2021-02-07 20:25:18,-0.7193,8.7815,78.8,89,20,3.44,light rain
589,Ust-Kut,RU,2021-02-07 20:25:18,56.7938,105.7672,21.45,95,100,4.21,overcast clouds
590,Poum,NC,2021-02-07 20:25:18,-20.2333,164.0167,79.21,72,100,2.26,overcast clouds
591,Demirci,TR,2021-02-07 20:25:18,39.0461,28.6589,48.45,52,99,4.9,overcast clouds
592,Boa Vista,BR,2021-02-07 20:25:18,2.8197,-60.6733,84.2,65,90,14.97,overcast clouds
593,San Quintin,MX,2021-02-07 20:25:19,30.4833,-115.95,65.89,51,1,9.84,clear sky
594,Nuevo Progreso,MX,2021-02-07 20:25:19,23.1667,-97.95,79.0,68,0,7.0,clear sky
595,Hambantota,LK,2021-02-07 20:25:19,6.1241,81.1185,77.31,81,4,16.69,clear sky
596,Abu Samrah,SY,2021-02-07 20:25:19,35.3029,37.1841,52.32,85,1,6.35,clear sky
597,Pinar Del Rio,CU,2021-02-07 20:21:28,22.4175,-83.6981,83.52,63,27,13.0,scattered clouds
598,Sobolevo,RU,2021-02-07 20:25:20,54.4299,31.8996,-0.92,93,20,6.35,few clouds
599,America Dourada,BR,2021-02-07 20:25:20,-11.4553,-41.4361,82.85,53,99,2.98,overcast clouds
600,Crotone,IT,2021-02-07 20:25:20,39.0851,17.1178,53.6,94,20,6.91,few clouds
601,Klaksvik,FO,2021-02-07 20:25:20,62.2266,-6.589,33.8,86,75,12.66,light snow
602,Lae,PG,2021-02-07 20:25:46,-6.7221,146.9847,73.4,94,20,5.75,few clouds
603,Fortuna,US,2021-02-07 20:25:46,40.5982,-124.1573,54.0,81,1,5.75,clear sky
604,Turayf,SA,2021-02-07 20:25:46,31.6725,38.6637,51.8,76,0,4.61,clear sky
605,Timizart,DZ,2021-02-07 20:25:47,36.8,4.2667,48.25,87,47,8.72,scattered clouds
606,Bouna,CI,2021-02-07 20:25:47,9.2667,-3.0,85.96,20,0,2.55,clear sky
607,Moose Factory,CA,2021-02-07 20:25:47,51.2585,-80.6094,-5.8,59,90,12.66,haze
608,Ugoofaaru,MV,2021-02-07 20:25:47,5.6667,73.0,81.36,74,17,9.4,few clouds
609,Maragogi,BR,2021-02-07 20:25:47,-9.0122,-35.2225,80.98,76,84,12.41,broken clouds
610,Beni,CD,2021-02-07 20:25:48,0.5,29.4667,65.79,44,45,1.32,scattered clouds
611,Tarragona,ES,2021-02-07 20:25:48,41.129,1.249,54.0,50,0,8.05,clear sky
612,Aasiaat,GL,2021-02-07 20:25:48,68.7098,-52.8699,19.08,86,0,18.61,clear sky
613,Slave Lake,CA,2021-02-07 20:25:48,55.2834,-114.769,-16.6,69,1,4.61,clear sky
614,Nelson Bay,AU,2021-02-07 20:25:49,-32.7167,152.15,69.8,78,40,10.36,scattered clouds
615,Starosubkhangulovo,RU,2021-02-07 20:25:49,53.1031,57.4423,-8.09,86,100,8.99,overcast clouds
616,Wencheng,CN,2021-02-07 20:25:49,33.0559,113.7978,39.52,70,100,8.1,overcast clouds
617,Itaqui,BR,2021-02-07 20:25:50,-29.1253,-56.5531,87.71,34,0,9.48,clear sky
618,Tirano,IT,2021-02-07 20:25:50,46.2154,10.1679,51.01,99,100,4.79,overcast clouds
619,Anloga,GH,2021-02-07 20:25:50,5.7947,0.8973,84.2,84,20,10.36,few clouds
620,Flin Flon,CA,2021-02-07 20:25:51,54.7682,-101.865,-27.4,56,1,14.97,snow
621,Bara,NG,2021-02-07 20:25:51,10.3744,10.7288,78.12,18,43,8.79,scattered clouds
622,Beyneu,KZ,2021-02-07 20:25:51,45.3167,55.2,27.57,86,96,15.99,overcast clouds
623,Aguada De Pasajeros,CU,2021-02-07 20:25:51,22.385,-80.8508,86.0,62,20,9.22,moderate rain
624,Durango,MX,2021-02-07 20:21:46,24.8333,-104.8333,72.59,17,100,6.98,overcast clouds
625,Lebedinyy,RU,2021-02-07 20:25:52,58.5167,125.5167,-16.28,80,0,6.38,clear sky
626,Pervomayskoye,RU,2021-02-07 20:25:52,43.919,46.7102,29.64,97,98,7.0,overcast clouds
627,Meybod,IR,2021-02-07 20:25:52,32.2501,54.0166,48.2,81,40,2.3,scattered clouds
628,Bom Jesus,BR,2021-02-07 20:25:52,-9.0744,-44.3586,83.01,68,90,4.92,overcast clouds
629,Avera,US,2021-02-07 20:25:53,33.194,-82.5271,51.01,66,90,8.05,overcast clouds
630,Mahon,ES,2021-02-07 20:25:53,39.8885,4.2658,42.8,93,0,1.14,clear sky
631,Bulgan,MN,2021-02-07 20:24:26,48.8125,103.5347,9.93,83,0,3.91,clear sky
632,Bang Saphan,TH,2021-02-07 20:25:54,11.2126,99.5117,72.79,90,1,3.2,clear sky
633,Laguna,US,2021-02-07 20:25:54,38.421,-121.4238,63.0,55,1,4.29,clear sky
634,Sehithwa,BW,2021-02-07 20:25:54,-20.4667,22.7167,69.21,92,100,12.44,moderate rain
635,Neyshabur,IR,2021-02-07 20:25:54,36.2133,58.7958,50.31,45,62,1.01,broken clouds
636,Ahuimanu,US,2021-02-07 20:25:55,21.4447,-157.8378,75.2,46,20,3.44,few clouds
637,Summerville,US,2021-02-07 20:25:23,33.0185,-80.1757,51.01,71,75,18.41,broken clouds
638,Tecoanapa,MX,2021-02-07 20:25:55,16.5167,-98.75,83.88,57,23,9.28,few clouds
639,Mumbwa,ZM,2021-02-07 20:25:56,-14.9783,27.0619,67.19,93,100,3.24,light rain
640,Tura,IN,2021-02-07 20:25:56,25.5198,90.2201,57.69,45,6,2.71,clear sky
641,Peniche,PT,2021-02-07 20:25:56,39.3558,-9.3811,57.0,92,100,23.0,overcast clouds
642,Sur,OM,2021-02-07 20:23:00,22.5667,59.5289,64.76,73,0,4.5,clear sky
643,Kuzino,RU,2021-02-07 20:25:57,57.0224,59.4412,-6.93,89,100,12.91,overcast clouds
644,Kadhan,PK,2021-02-07 20:25:57,24.481,68.9859,62.83,30,0,8.14,clear sky
645,Atasu,KZ,2021-02-07 20:25:57,48.6814,71.6433,21.38,94,99,14.52,overcast clouds
646,Zamora,EC,2021-02-07 20:25:57,-4.0692,-78.9567,86.0,37,75,11.5,light rain
647,Batticaloa,LK,2021-02-07 20:26:23,7.7102,81.6924,77.76,86,14,12.5,few clouds
648,Balikpapan,ID,2021-02-07 20:26:23,-1.2675,116.8289,74.89,93,100,2.95,overcast clouds
649,Ritchie,ZA,2021-02-07 20:26:23,-29.038,24.6028,75.2,57,78,11.5,broken clouds
650,Isiolo,KE,2021-02-07 20:26:23,0.3546,37.5822,73.2,63,100,4.85,overcast clouds
651,Morehead,US,2021-02-07 20:26:24,37.2711,-87.1764,28.99,46,1,6.91,clear sky
652,Lumsden,CA,2021-02-07 20:26:24,50.6501,-104.8678,-18.99,69,1,13.8,clear sky
653,Samarinda,ID,2021-02-07 20:26:24,-0.5,117.15,75.0,93,100,0.63,overcast clouds
654,Natal,BR,2021-02-07 20:21:29,-5.795,-35.2094,86.0,66,40,14.97,scattered clouds
655,Yafran,LY,2021-02-07 20:26:24,32.0633,12.5286,64.26,36,96,17.36,overcast clouds
656,Panama City,PA,2021-02-07 20:24:44,8.9936,-79.5197,89.01,62,40,10.36,scattered clouds
657,Bonavista,CA,2021-02-07 20:26:25,48.6499,-53.1147,32.0,59,0,13.8,clear sky
658,Lagoa,PT,2021-02-07 20:26:25,39.05,-27.9833,57.92,74,100,19.51,overcast clouds
659,Pandan,PH,2021-02-07 20:26:25,14.0453,124.1694,78.93,83,100,16.6,overcast clouds
660,Stargard Szczecinski,PL,2021-02-07 20:26:26,53.3367,15.0499,21.0,63,0,14.97,clear sky
661,Tahoua,NE,2021-02-07 20:26:26,14.8888,5.2692,78.22,14,100,11.27,overcast clouds
662,Innisfail,AU,2021-02-07 20:26:26,-17.5333,146.0333,76.73,89,100,3.87,overcast clouds
663,Tchollire,CM,2021-02-07 20:26:26,8.4022,14.1698,76.93,18,100,2.08,overcast clouds
664,Tigzirt,DZ,2021-02-07 20:26:26,36.8886,4.1198,53.96,78,72,16.8,broken clouds
665,Batangafo,CF,2021-02-07 20:26:27,7.3008,18.2833,75.47,19,59,3.71,broken clouds
666,Sioux Lookout,CA,2021-02-07 20:26:27,50.1001,-91.917,-13.0,48,1,13.8,clear sky
667,Sembakung,ID,2021-02-07 20:26:27,3.8167,117.25,73.4,97,100,1.57,light rain
668,Khandyga,RU,2021-02-07 20:26:27,62.6667,135.6,-33.93,83,69,2.37,broken clouds
669,Rancho Palos Verdes,US,2021-02-07 20:26:27,33.7445,-118.387,66.0,59,1,4.29,clear sky
670,Svatove,UA,2021-02-07 20:26:28,49.4103,38.1503,13.93,79,100,6.02,overcast clouds
671,Izhmorskiy,RU,2021-02-07 20:26:28,56.194,86.6414,16.9,94,91,13.94,overcast clouds
672,Antalaha,MG,2021-02-07 20:26:28,-14.9003,50.2788,77.34,85,100,2.84,overcast clouds
673,Orsha,BY,2021-02-07 20:26:28,54.5153,30.4053,-1.52,93,14,5.61,few clouds
674,Rawlins,US,2021-02-07 20:26:29,41.7911,-107.2387,33.8,40,90,36.82,light snow
675,San Andres,CO,2021-02-07 20:23:21,12.5847,-81.7006,86.0,66,20,10.36,few clouds
676,Batesville,US,2021-02-07 20:26:29,35.7698,-91.641,28.4,69,90,11.5,overcast clouds
677,Ngaoundere,CM,2021-02-07 20:26:29,7.3167,13.5833,68.13,25,94,4.99,overcast clouds
678,Batagay-Alyta,RU,2021-02-07 20:26:29,67.8006,130.4114,-33.81,79,0,1.61,clear sky
679,Calabozo,VE,2021-02-07 20:26:30,8.9242,-67.4293,95.25,33,100,8.55,overcast clouds
680,Shasta Lake,US,2021-02-07 20:26:30,40.6804,-122.3708,66.99,26,1,3.44,clear sky
681,Los Llanos De Aridane,ES,2021-02-07 20:26:30,28.6585,-17.9182,62.6,72,20,3.44,few clouds
682,Lagunas,PE,2021-02-07 20:26:30,-5.2269,-75.6753,90.28,55,100,3.76,overcast clouds
683,Braintree,GB,2021-02-07 20:21:58,51.8782,0.5529,30.0,89,95,1.01,overcast clouds
684,Pecanha,BR,2021-02-07 20:26:31,-18.5486,-42.5569,70.25,96,100,3.91,light rain
685,Bundaberg,AU,2021-02-07 20:26:31,-24.85,152.35,82.0,89,75,4.61,broken clouds
686,Tautira,PF,2021-02-07 20:26:31,-17.7333,-149.15,86.0,58,20,5.75,few clouds
687,Augusto Correa,BR,2021-02-07 20:26:31,-1.0217,-46.635,82.71,75,13,6.96,moderate rain
688,Perivolion,GR,2021-02-07 20:26:32,39.4206,20.0147,63.0,77,20,19.57,few clouds
689,Sfantu Gheorghe,RO,2021-02-07 20:26:32,45.8667,25.7833,39.0,83,97,1.99,overcast clouds
690,Gondanglegi,ID,2021-02-07 20:26:32,-7.7479,112.0132,74.95,91,100,6.73,light rain
691,Buala,SB,2021-02-07 20:26:32,-8.145,159.5921,80.44,80,64,7.25,light rain
692,Aksu,CN,2021-02-07 20:26:33,41.1231,80.2644,29.43,82,98,0.98,overcast clouds
693,Spornoye,RU,2021-02-07 20:26:33,50.8448,37.2913,6.8,72,0,6.71,clear sky
